Accession,Gene,PID,TimePoint,Position,InsertedAAs,InsertedNAs
KY579856,gag,118986,Pre,114,AQ,GCACAA
KY579857,gag,118986,Post,114,AQQA,GCACAACAAGCA
KY579852,gag,118973,Pre,114,AQ,GCACAG
KY579853,gag,118973,Post,114,AQ,GCACAG
KY579862,gag,118972,Pre,114,AQ,GCACAG
KY579863,gag,118972,Post,114,AQ,GCACAG
KY579858,gag,118954,Pre,114,AQ,GCACAG
KY579859,gag,118954,Post,114,AQ,GCACAG
KY579874,gag,118903,Pre,114,A,GCA
KY579875,gag,118903,Post,114,X,RCA
KY579848,gag,118860,Pre,114,AQQ,GCACAGCAA
KY579849,gag,118860,Post,114,AQQ,GCACAGCAA
KY579854,gag,118828,Pre,114,AQQ,GCRCAGCAG
KY579855,gag,118828,Post,114,AQQ,GCACAGCAG
KY579819,gag,55928,Post,114,A,GCA
KY579816,gag,42183,Pre,114,AQ,GCACAG
KY579817,gag,42183,Post,114,AQ,GCACAG
KY579858,gag,118954,Pre,123,N,AAT
KY579859,gag,118954,Post,123,N,AAT
KY579850,gag,118935,Pre,123,K,AAA
KY579851,gag,118935,Post,123,K,AAA
KY579876,gag,118925,Pre,123,NNS,AACAACAGC
KY579877,gag,118925,Post,123,NNS,AACAACAGC
KY579846,gag,118827,Pre,123,N,AAC
KY579847,gag,118827,Post,123,N,AAC
KY579878,gag,118761,Pre,123,NSSTG,AACAGCAGCACAGGA
KY579879,gag,118761,Post,123,NSSTG,AACAGCAGCACAGGA
KY579817,gag,42183,Post,123,N,AAC
KY579856,gag,118986,Pre,129,S,ATG
KY579857,gag,118986,Post,129,S,ATG
KY579858,gag,118954,Pre,372,A,GCA
KY579859,gag,118954,Post,372,A,GCA
KY579866,gag,118853,Pre,372,A,GCT
KY579867,gag,118853,Post,372,A,GCT
KY579864,gag,118823,Pre,372,S,TCA
KY579865,gag,118823,Post,372,S,TCA
KT339966,gag,56120,Pre,372,SA,TCAGCA
KT339967,gag,56120,Post,372,SA,TCAGCA
KY579814,gag,42036,Pre,372,H,CAC
KY579815,gag,42036,Post,372,H,CAC
KT339958,gag,39143,Pre,372,N,AAT
KT339959,gag,39143,Post,372,N,AAT
KT339966,gag,56120,Pre,427,SN,AGTAAT
KT339967,gag,56120,Post,427,SN,AGTAAT
KY579855,gag,118828,Post,443,G,GGG
KY579848,gag,118860,Pre,443,G,GGG
KY579849,gag,118860,Post,443,G,GGG
KY579854,gag,118828,Pre,443,G,GGG
KY579819,gag,55928,Post,447,PTVPSGESLRFRPE,CCAACAGTCCCATCAGGAGAGAGCCTCAGGTTCAGACCAGAG
KY579856,gag,118986,Pre,454,PAAPLE,CCAGCAGCCCCACTAGAG
KY579857,gag,118986,Post,454,PAAPLE,CCAGCAGCCCCACTAGAG
KY579860,gag,118745,Pre,454,P,CCC
KY579861,gag,118745,Post,454,P,CCC
KY579852,gag,118973,Pre,457,PAP,CCAGCCCCA
KY579853,gag,118973,Post,457,PAP,CCAGCCCCA
KY579884,gag,118849,Pre,457,TAP,ACAGCCCCA
KY579885,gag,118849,Post,457,TAP,ACAGCCCCA
KY579855,gag,118828,Post,457,PEPTAP,CCAGAGCCAACAGCCCCA
KY579854,gag,118828,Pre,458,P,CCAGA
KY579850,gag,118935,Pre,458,PAP,CCAGCCCCA
KY579851,gag,118935,Post,458,PAP,CCAGCCCCA
KY579876,gag,118925,Pre,458,PAP,CCAGCCCCA
KY579877,gag,118925,Post,458,PAP,CCAGCCCCA
KY579860,gag,118745,Pre,458,TAP,ACAGCCCCA
KY579861,gag,118745,Post,458,TAP,ACAGCCCCA
KY579816,gag,42183,Pre,458,TAP,ACAGCCCCA
KY579817,gag,42183,Post,458,TAP,ACAGCCCCA
KY579819,gag,55928,Post,469,GGKQ,GGAGGGAAGCAG
KY579817,gag,42183,Post,472,PAAP,CCAGCGGCGCCC
KY579852,gag,118973,Pre,475,DP,GACCCG
KY579853,gag,118973,Post,475,DP,GACCCG
KY579815,gag,42036,Post,475,WGMGKQ,TGGGGGATGGGGAAGCAG
KY579819,gag,55928,Post,476,GGKQ,GGAGGGAAGCAG
KY579815,gag,42036,Post,484,P,CCT
KY579860,gag,118745,Pre,485,P,CCT
KY579861,gag,118745,Post,485,P,CCT
KY579928,gp41,118935,Pre,104,K,AAA
KY579929,gp41,118935,Post,104,K,AAA
KY579942,gp41,39270,Pre,104,X,ARA
KY579943,gp41,39270,Post,104,K,AAA
KT339988,gp41,42080,Pre,104,K,AAG
KT339989,gp41,42080,Post,104,N,AAT
KT339982,gp41,26307,Pre,214,E,GAA
KT339983,gp41,26307,Post,214,E,GAA
KY579929,gp41,118935,Post,84,T,ACT
KY579928,gp41,118935,Pre,84,T,ACT
KY579886,gp41,42036,Pre,274,HSSLKGL,CACAGCAGTCTCAAGGGACTG
KY579887,gp41,42036,Post,274,HSSLKGL,CACAGCAGTCTCAAGGGACTG
KY579839,gag,9918,Post,474,Q,CAG
KY579838,gag,9918,Pre,474,Q,CAG
KY579845,gag,37879,Post,454,PTAPPE,CCAACAGCCCCACCAGAG
KY579844,gag,37879,Pre,454,PTAPPE,CCAACAGCCCCACCAGAG
KY579843,gag,35596,Post,451,RPES,AGACCAGAGAGC
KY579843,gag,35596,Post,372,G,GGA
KY579842,gag,35596,Pre,372,G,GGA
KY579845,gag,37879,Post,124,SSHTGN,AGCAGCCACACAGGAAAC
KY579844,gag,37879,Pre,124,SSHTGN,AGCAGCCACACAGGAAAC
KY579913,gp41,37879,Post,91,R,AGG
KY579912,gp41,37879,Pre,91,R,AGG
KY579918,gp41,61631,Pre,197,P,CCC
KY579919,gp41,61631,Post,197,P,CCC
KY579825,gag,108149,Post,117,AAA,GCAGCAGCG
KY579824,gag,108149,Pre,117,AAA,GCAGCAGCG
KY579941,gp41,118840,Post,78,K,AAA
KY579940,gp41,118840,Pre,78,K,AAA
KY579833,gag,252392,Post,117,AA,GCAGCA
KY579832,gag,252392,Pre,117,AA,GCAGCA
KY579829,gag,214046,Post,117,AA,GCAGCA
KY579828,gag,214046,Pre,117,AA,GCAGCA
KY579835,gag,253540,Post,117,AA,GCAGCG
KY579834,gag,253540,Pre,117,AA,GCAGCG
KY579827,gag,122034,Post,117,AA,GCAGCA
KY579826,gag,122034,Pre,114,AA,GCAGCA
KY579821,gag,21890,Post,117,AA,GCAGCA
KY579820,gag,21890,Pre,117,AA,GCAGCA
KY579823,gag,44969,Post,117,AT,GCAACA
KY579822,gag,44969,Pre,117,AT,GCAACA
KY579823,gag,44969,Post,476,P,CCT
KY579822,gag,44969,Pre,476,P,CCT
KY579899,gp41,252392,Post,104,K,AAA
KY579898,gp41,252392,Pre,104,K,AAG
